ID,ImageLink,CorrectAnswer 
1,D:\New folder\Hackathon\untitled1\src\image\1-cautha.jpg,cẩu thả
2,D:\New folder\Hackathon\untitled1\src\image\2-bovai.jpg,bờ vai
3,D:\New folder\Hackathon\untitled1\src\image\3-amthanh.jpg,âm thanh
4,D:\New folder\Hackathon\untitled1\src\image\4-nhangoaicam.jpg,nhà ngoại cảm
5,D:\New folder\Hackathon\untitled1\src\image\5-banbac.jpg,bàn bạc
6,D:\New folder\Hackathon\untitled1\src\image\6-traiy.jpg,trái ý
7,D:\New folder\Hackathon\untitled1\src\image\7-nhasy.jpg,nha sỹ
8,D:\New folder\Hackathon\untitled1\src\image\8-khacbiet.jpg,khác biệt
9,D:\New folder\Hackathon\untitled1\src\image\9-thuyenrong.jpg,thuyền rồng
10,D:\New folder\Hackathon\untitled1\src\image\10-bientuong.jpg,biến tướng
